group_id	variant	prev	sample_total
pfdhfr_pfdhps	PF3D7_0417200.1:51_59_108:N_R_N;PF3D7_0810800.1:437_540:A_E	0.3333333333333333	3
pfdhfr_pfdhps	PF3D7_0417200.1:51_59_108:N_C_S;PF3D7_0810800.1:437_540:G_E	0.3333333333333333	3
pfdhfr_pfdhps	PF3D7_0417200.1:51_59_108:N_R_S;PF3D7_0810800.1:437_540:G_E	0.3333333333333333	3
pfdhfr	PF3D7_0417200.1:51_59_108:N_R_N	0.3333333333333333	3
pfdhfr	PF3D7_0417200.1:51_59_108:N_C_S	0.3333333333333333	3
pfdhfr	PF3D7_0417200.1:51_59_108:N_R_S	0.3333333333333333	3
pfdhfr	PF3D7_0417200.1:51_59_108:I_C_S	0.3333333333333333	3
pfdhfr	PF3D7_0417200.1:51_59_108:I_R_S	0.3333333333333333	3
pfdhps	PF3D7_0810800.1:437_540:A_E	0.3333333333333333	3
pfdhps	PF3D7_0810800.1:437_540:G_E	0.3333333333333333	3
pfdhps	PF3D7_0810800.1:437_540:A_K	0.3333333333333333	3
pfdhps	PF3D7_0810800.1:437_540:G_K	0.3333333333333333	3
