group_id	variant	prev	freq	sample_total
pfdhfr_pfdhps	PF3D7_0417200.1:51_59_108:N_R_N;PF3D7_0810800.1:437_540:A_E	0.3333333333333333	0.33333333333333337	3
pfdhfr_pfdhps	PF3D7_0417200.1:51_59_108:N_C_S;PF3D7_0810800.1:437_540:G_E	0.3333333333333333	0.2666666666666667	3
pfdhfr_pfdhps	PF3D7_0417200.1:51_59_108:N_R_S;PF3D7_0810800.1:437_540:G_E	0.3333333333333333	0.06666666666666668	3
pfdhfr	PF3D7_0417200.1:51_59_108:N_R_N	0.3333333333333333	0.33333333333333337	3
pfdhfr	PF3D7_0417200.1:51_59_108:N_C_S	0.3333333333333333	0.2666666666666667	3
pfdhfr	PF3D7_0417200.1:51_59_108:N_R_S	0.3333333333333333	0.06666666666666668	3
pfdhfr	PF3D7_0417200.1:51_59_108:I_C_S	0.3333333333333333	0.13333333333333336	3
pfdhfr	PF3D7_0417200.1:51_59_108:I_R_S	0.3333333333333333	0.2	3
pfdhps	PF3D7_0810800.1:437_540:A_E	0.3333333333333333	0.33333333333333337	3
pfdhps	PF3D7_0810800.1:437_540:G_E	0.3333333333333333	0.33333333333333337	3
pfdhps	PF3D7_0810800.1:437_540:A_K	0.3333333333333333	0.06666666666666668	3
pfdhps	PF3D7_0810800.1:437_540:G_K	0.3333333333333333	0.2666666666666667	3
